[
    {
        "username": "akrott",
        "id": 135894953027960833,
        "roles": [],
        "joined_at": "2025-11-13 11:52:36.962000+00:00"
    },
    {
        "username": "satan0779",
        "id": 268837438590418955,
        "roles": [],
        "joined_at": "2025-12-19 02:35:05.650000+00:00"
    },
    {
        "username": "Marcia#3564",
        "id": 1428179195938476204,
        "roles": [
            "Marica"
        ],
        "joined_at": "2025-12-19 02:19:15.317000+00:00"
    }
]