[
    {
        "username": "Pok\u00e9two#8236",
        "id": 716390085896962058,
        "roles": [
            "Pok\u00e9two"
        ],
        "joined_at": "2025-10-03 16:32:00.359000+00:00"
    },
    {
        "username": "karakaking",
        "id": 955231255228723270,
        "roles": [],
        "joined_at": "2025-03-11 08:52:12.370000+00:00"
    },
    {
        "username": "moniboni444",
        "id": 1329150805332463639,
        "roles": [],
        "joined_at": "2025-12-28 02:25:49.380790+00:00"
    },
    {
        "username": "Marcia#3564",
        "id": 1428179195938476204,
        "roles": [
            "Marica"
        ],
        "joined_at": "2025-12-28 02:10:26.600880+00:00"
    }
]