{
    "1066337674337722418": {
        "xp": 10,
        "level": 1
    },
    "135894953027960833": {
        "xp": 295,
        "level": 7,
        "inventory": [
            "Bag of Bolts",
            "Broken Radio",
            "Canned Beans",
            "Tactical Vest"
        ]
    },
    "1245146418923049013": {
        "xp": 30,
        "level": 1
    },
    "1409572913534730328": {
        "xp": 140,
        "level": 3
    },
    "798849874971590678": {
        "xp": 160,
        "level": 2
    },
    "253838459133886465": {
        "xp": 120,
        "level": 3
    },
    "1196591950699188234": {
        "xp": 170,
        "level": 2
    },
    "461483389866999809": {
        "xp": 160,
        "level": 2
    },
    "1389988384885178420": {
        "xp": 190,
        "level": 3
    },
    "883115085420175421": {
        "xp": 10,
        "level": 1
    },
    "1397404663413997719": {
        "xp": 40,
        "level": 3
    },
    "1421945431306539138": {
        "xp": 40,
        "level": 1
    },
    "1132131556379598848": {
        "xp": 30,
        "level": 2
    },
    "798203710525538354": {
        "xp": 60,
        "level": 1,
        "inventory": []
    },
    "583089683425394698": {
        "xp": 10,
        "level": 1,
        "inventory": []
    },
    "1450315936979615857": {
        "xp": 90,
        "level": 1,
        "inventory": []
    },
    "1447261492469567603": {
        "xp": 80,
        "level": 3,
        "inventory": []
    },
    "415788915958611968": {
        "xp": 30,
        "level": 1,
        "inventory": []
    },
    "761202149891375144": {
        "xp": 60,
        "level": 1,
        "inventory": []
    },
    "1246592699256143896": {
        "xp": 60,
        "level": 1,
        "inventory": []
    },
    "952926232742334464": {
        "xp": 10,
        "level": 1,
        "inventory": []
    },
    "1202203056566177808": {
        "xp": 10,
        "level": 1,
        "inventory": []
    },
    "1427695131733131375": {
        "xp": 20,
        "level": 1,
        "inventory": []
    },
    "1416958937139380244": {
        "xp": 20,
        "level": 1,
        "inventory": []
    },
    "1408468840404222062": {
        "xp": 70,
        "level": 1,
        "inventory": []
    },
    "1408952317524443136": {
        "xp": 10,
        "level": 1,
        "inventory": []
    },
    "1345434378276438088": {
        "xp": 10,
        "level": 1,
        "inventory": []
    },
    "265022447944859648": {
        "xp": 60,
        "level": 1,
        "inventory": []
    },
    "1386308302719287316": {
        "xp": 20,
        "level": 1,
        "inventory": []
    }
}